iter	Passed	Remaining
0	155	155835
1	315	157474
2	471	156839
3	628	156579
4	785	156272
5	939	155646
6	1094	155305
7	1250	155061
8	1404	154693
9	1559	154432
10	1714	154159
11	1869	153903
12	2027	153935
13	2183	153760
14	2338	153536
15	2493	153329
16	2651	153307
17	2808	153209
18	2962	152954
19	3117	152751
20	3275	152682
21	3431	152565
22	3587	152397
23	3743	152232
24	3899	152071
25	4058	152050
26	4216	151936
27	4371	151753
28	4530	151684
29	4686	151543
30	4841	151330
31	5000	151254
32	5158	151172
33	5314	150988
34	5469	150800
35	5626	150669
36	5783	150527
37	5938	150350
38	6094	150177
39	6250	150007
40	6406	149856
41	6563	149704
42	6718	149534
43	6874	149364
44	7032	149251
45	7189	149106
46	7344	148912
47	7501	148777
48	7657	148618
49	7813	148456
50	7974	148379
51	8132	148258
52	8288	148090
53	8444	147936
54	8602	147805
55	8760	147682
56	8918	147542
57	9076	147422
58	9234	147276
59	9391	147126
60	9547	146974
61	9706	146845
62	9864	146714
63	10023	146596
64	10183	146490
65	10340	146327
66	10496	146172
67	10656	146049
68	10813	145902
69	10969	145743
70	11127	145591
71	11283	145434
72	11440	145275
73	11598	145138
74	11756	144998
75	11912	144828
76	12069	144675
77	12228	144546
78	12385	144393
79	12542	144233
80	12698	144072
81	12858	143948
82	13016	143807
83	13174	143665
84	13331	143507
85	13488	143351
86	13645	143194
87	13801	143035
88	13957	142865
89	14115	142721
90	14271	142559
91	14428	142398
92	14585	142243
93	14746	142135
94	14916	142096
95	15088	142080
96	15262	142080
97	15423	141957
98	15580	141802
99	15737	141641
100	15894	141480
101	16053	141337
102	16211	141180
103	16369	141031
104	16532	140918
105	16689	140759
106	16852	140643
107	17009	140485
108	17170	140358
109	17329	140213
110	17491	140087
111	17648	139930
112	17805	139767
113	17963	139608
114	18124	139480
115	18281	139319
116	18438	139159
117	18595	138995
118	18754	138843
119	18913	138701
120	19071	138546
121	19229	138392
122	19389	138252
123	19547	138094
124	19706	137942
125	19862	137776
126	20019	137615
127	20177	137462
128	20336	137307
129	20493	137148
130	20654	137011
131	20813	136864
132	20971	136706
133	21130	136562
134	21288	136403
135	21446	136246
136	21605	136099
137	21763	135940
138	21921	135786
139	22079	135630
140	22237	135472
141	22395	135317
142	22554	135168
143	22713	135018
144	22871	134864
145	23030	134712
146	23187	134550
147	23344	134390
148	23502	134234
149	23660	134074
150	23818	133919
151	23977	133768
152	24135	133612
153	24294	133459
154	24454	133315
155	24615	133177
156	24774	133023
157	24933	132873
158	25094	132732
159	25253	132581
160	25413	132433
161	25574	132292
162	25733	132142
163	25892	131987
164	26052	131842
165	26211	131687
166	26371	131541
167	26531	131393
168	26691	131247
169	26851	131100
170	27011	130950
171	27172	130805
172	27333	130662
173	27493	130515
174	27653	130365
175	27814	130223
176	27975	130077
177	28137	129938
178	28298	129794
179	28458	129643
180	28619	129499
181	28779	129347
182	28939	129200
183	29101	129060
184	29261	128908
185	29423	128766
186	29582	128612
187	29742	128460
188	29901	128305
189	30059	128149
190	30218	127995
191	30379	127846
192	30540	127699
193	30700	127551
194	30862	127408
195	31022	127254
196	31182	127104
197	31344	126959
198	31504	126809
199	31664	126658
200	31834	126545
201	32012	126463
202	32186	126367
203	32360	126268
204	32541	126196
205	32722	126123
206	32913	126089
207	33077	125948
208	33239	125801
209	33400	125649
210	33562	125501
211	33721	125344
212	33914	125307
213	34093	125220
214	34253	125065
215	34417	124923
216	34579	124773
217	34739	124614
218	34900	124460
219	35062	124312
220	35223	124159
221	35385	124007
222	35548	123862
223	35709	123709
224	35870	123552
225	36036	123415
226	36196	123257
227	36357	123103
228	36517	122949
229	36677	122790
230	36838	122636
231	37002	122491
232	37163	122336
233	37323	122179
234	37484	122023
235	37648	121877
236	37810	121727
237	37970	121570
238	38130	121411
239	38294	121265
240	38455	121110
241	38618	120960
242	38778	120804
243	38939	120647
244	39103	120503
245	39263	120343
246	39423	120185
247	39583	120028
248	39745	119873
249	39909	119727
250	40070	119571
251	40230	119414
252	40392	119260
253	40553	119106
254	40715	118951
255	40876	118796
256	41036	118639
257	41199	118487
258	41362	118337
259	41524	118185
260	41684	118026
261	41844	117866
262	42006	117714
263	42166	117555
264	42327	117397
265	42488	117243
266	42650	117090
267	42812	116934
268	42973	116780
269	43138	116633
270	43299	116476
271	43459	116319
272	43619	116159
273	43781	116004
274	43943	115851
275	44105	115697
276	44271	115552
277	44436	115407
278	44597	115250
279	44760	115098
280	44923	114947
281	45085	114791
282	45245	114633
283	45409	114483
284	45570	114325
285	45730	114166
286	45891	114009
287	46055	113859
288	46217	113703
289	46377	113543
290	46541	113394
291	46705	113244
292	46865	113085
293	47027	112929
294	47189	112775
295	47352	112621
296	47515	112469
297	47676	112312
298	47839	112159
299	48000	112002
300	48165	111851
301	48329	111701
302	48492	111547
303	48658	111402
304	48821	111250
305	48989	111106
306	49154	110958
307	49318	110807
308	49483	110658
309	49647	110505
310	49810	110352
311	49973	110198
312	50139	110051
313	50305	109902
314	50467	109747
315	50632	109597
316	50795	109443
317	50959	109291
318	51123	109139
319	51288	108987
320	51452	108836
321	51616	108683
322	51780	108531
323	51944	108377
324	52108	108226
325	52272	108073
326	52437	107921
327	52603	107772
328	52769	107623
329	52933	107470
330	53100	107324
331	53267	107177
332	53434	107028
333	53600	106880
334	53766	106730
335	53928	106573
336	54102	106438
337	54266	106285
338	54428	106128
339	54593	105975
340	54758	105823
341	54920	105666
342	55088	105519
343	55253	105366
344	55415	105208
345	55579	105054
346	55742	104898
347	55909	104750
348	56072	104593
349	56240	104445
350	56406	104294
351	56569	104139
352	56732	103982
353	56896	103828
354	57065	103682
355	57230	103529
356	57395	103376
357	57558	103220
358	57724	103067
359	57893	102921
360	58059	102770
361	58225	102619
362	58391	102466
363	58557	102314
364	58721	102160
365	58889	102011
366	59056	101860
367	59224	101710
368	59392	101562
369	59558	101410
370	59724	101258
371	59890	101104
372	60055	100951
373	60222	100800
374	60390	100650
375	60557	100500
376	60726	100351
377	60893	100200
378	61059	100046
379	61225	99893
380	61391	99740
381	61556	99586
382	61721	99430
383	61889	99280
384	62056	99129
385	62221	98973
386	62386	98819
387	62551	98664
388	62721	98516
389	62889	98365
390	63056	98212
391	63224	98062
392	63391	97909
393	63558	97756
394	63724	97602
395	63899	97463
396	64084	97337
397	64268	97210
398	64447	97075
399	64648	96973
400	64850	96871
401	65018	96719
402	65185	96564
403	65351	96409
404	65517	96254
405	65681	96095
406	65876	95982
407	66065	95859
408	66236	95711
409	66402	95554
410	66567	95396
411	66732	95238
412	66896	95079
413	67059	94920
414	67227	94767
415	67393	94609
416	67558	94451
417	67723	94294
418	67887	94135
419	68050	93974
420	68214	93814
421	68379	93657
422	68543	93498
423	68708	93339
424	68873	93181
425	69037	93022
426	69204	92866
427	69368	92706
428	69533	92548
429	69696	92388
430	69860	92228
431	70024	92069
432	70190	91912
433	70357	91755
434	70521	91597
435	70687	91439
436	70852	91280
437	71016	91122
438	71181	90963
439	71348	90807
440	71513	90648
441	71678	90490
442	71844	90332
443	72009	90174
444	72175	90016
445	72338	89855
446	72504	89697
447	72669	89539
448	72834	89379
449	72998	89220
450	73162	89060
451	73327	88901
452	73492	88742
453	73657	88583
454	73823	88426
455	73991	88270
456	74155	88110
457	74320	87951
458	74485	87792
459	74651	87634
460	74815	87473
461	74980	87315
462	75145	87155
463	75310	86996
464	75475	86837
465	75640	86678
466	75804	86517
467	75969	86358
468	76134	86199
469	76298	86038
470	76463	85878
471	76628	85719
472	76794	85561
473	76960	85403
474	77125	85243
475	77289	85083
476	77454	84923
477	77618	84763
478	77783	84603
479	77948	84443
480	78112	84283
481	78279	84125
482	78443	83965
483	78609	83807
484	78773	83645
485	78937	83484
486	79100	83324
487	79266	83164
488	79429	83003
489	79593	82842
490	79759	82683
491	79924	82523
492	80090	82365
493	80255	82205
494	80421	82045
495	80587	81887
496	80751	81726
497	80916	81566
498	81082	81407
499	81248	81248
500	81414	81089
501	81578	80928
502	81743	80768
503	81909	80609
504	82076	80450
505	82242	80291
506	82406	80130
507	82571	79970
508	82736	79810
509	82901	79650
510	83065	79489
511	83230	79328
512	83395	79168
513	83559	79008
514	83726	78849
515	83892	78689
516	84057	78529
517	84222	78369
518	84385	78207
519	84548	78045
520	84713	77884
521	84879	77725
522	85043	77563
523	85208	77403
524	85375	77244
525	85542	77085
526	85706	76924
527	85870	76763
528	86034	76602
529	86200	76441
530	86365	76281
531	86529	76120
532	86695	75960
533	86862	75801
534	87028	75641
535	87195	75482
536	87362	75323
537	87529	75164
538	87694	75004
539	87860	74844
540	88025	74683
541	88192	74524
542	88358	74364
543	88524	74204
544	88692	74045
545	88856	73883
546	89021	73723
547	89185	73561
548	89349	73400
549	89515	73239
550	89681	73079
551	89848	72920
552	90013	72759
553	90177	72597
554	90343	72437
555	90509	72277
556	90674	72116
557	90840	71956
558	91005	71794
559	91171	71635
560	91337	71474
561	91503	71314
562	91671	71155
563	91836	70994
564	92001	70832
565	92167	70672
566	92333	70512
567	92499	70352
568	92664	70190
569	92830	70029
570	92997	69870
571	93163	69710
572	93329	69549
573	93495	69388
574	93661	69227
575	93826	69066
576	93995	68908
577	94162	68748
578	94327	68587
579	94493	68426
580	94660	68266
581	94825	68105
582	94995	67947
583	95161	67786
584	95327	67625
585	95493	67464
586	95659	67303
587	95840	67153
588	96024	67005
589	96206	66855
590	96390	66707
591	96583	66564
592	96771	66418
593	96958	66271
594	97125	66110
595	97291	65949
596	97457	65788
597	97625	65627
598	97800	65472
599	98007	65338
600	98189	65187
601	98358	65027
602	98527	64867
603	98697	64708
604	98860	64544
605	99024	64382
606	99188	64219
607	99354	64057
608	99519	63895
609	99682	63731
610	99847	63568
611	100015	63408
612	100183	63247
613	100348	63085
614	100514	62923
615	100679	62761
616	100846	62600
617	101012	62438
618	101177	62275
619	101343	62113
620	101509	61951
621	101674	61789
622	101838	61626
623	102004	61464
624	102169	61301
625	102335	61140
626	102502	60978
627	102666	60815
628	102833	60653
629	102998	60491
630	103165	60329
631	103331	60167
632	103494	60004
633	103660	59841
634	103825	59679
635	103991	59517
636	104158	59355
637	104324	59193
638	104489	59030
639	104653	58867
640	104817	58704
641	104980	58540
642	105144	58377
643	105309	58214
644	105475	58052
645	105641	57890
646	105806	57727
647	105973	57565
648	106139	57403
649	106304	57240
650	106471	57079
651	106638	56917
652	106801	56753
653	106966	56590
654	107133	56428
655	107297	56265
656	107460	56101
657	107626	55939
658	107792	55777
659	107957	55614
660	108124	55452
661	108288	55289
662	108454	55126
663	108620	54964
664	108786	54802
665	108950	54638
666	109115	54475
667	109279	54312
668	109444	54149
669	109610	53987
670	109776	53824
671	109942	53662
672	110107	53499
673	110275	53337
674	110441	53175
675	110606	53012
676	110773	52850
677	110940	52688
678	111107	52526
679	111273	52364
680	111439	52201
681	111606	52039
682	111772	51877
683	111937	51713
684	112104	51551
685	112268	51388
686	112434	51225
687	112601	51063
688	112765	50900
689	112930	50736
690	113094	50573
691	113261	50411
692	113426	50248
693	113592	50085
694	113758	49922
695	113923	49759
696	114090	49597
697	114256	49434
698	114422	49271
699	114588	49109
700	114754	48946
701	114920	48783
702	115086	48621
703	115252	48458
704	115418	48295
705	115584	48133
706	115751	47970
707	115917	47807
708	116082	47644
709	116248	47481
710	116413	47318
711	116579	47155
712	116746	46993
713	116912	46830
714	117080	46668
715	117247	46505
716	117412	46342
717	117578	46179
718	117744	46016
719	117908	45853
720	118075	45690
721	118242	45528
722	118409	45365
723	118575	45202
724	118740	45039
725	118909	44877
726	119074	44714
727	119242	44552
728	119407	44388
729	119572	44225
730	119738	44062
731	119903	43899
732	120069	43736
733	120235	43573
734	120402	43410
735	120570	43247
736	120735	43084
737	120900	42921
738	121066	42758
739	121231	42594
740	121397	42431
741	121563	42268
742	121728	42105
743	121893	41941
744	122059	41778
745	122224	41615
746	122389	41451
747	122554	41288
748	122720	41125
749	122888	40962
750	123055	40799
751	123222	40637
752	123388	40474
753	123554	40310
754	123720	40147
755	123887	39984
756	124054	39821
757	124221	39658
758	124387	39495
759	124554	39332
760	124720	39169
761	124885	39006
762	125050	38842
763	125217	38679
764	125384	38516
765	125551	38354
766	125719	38191
767	125886	38028
768	126058	37866
769	126224	37703
770	126391	37540
771	126558	37377
772	126725	37214
773	126895	37052
774	127062	36889
775	127227	36725
776	127393	36562
777	127559	36398
778	127728	36236
779	127914	36078
780	128093	35918
781	128277	35760
782	128462	35601
783	128647	35443
784	128850	35290
785	129015	35126
786	129181	34962
787	129347	34799
788	129513	34635
789	129678	34471
790	129880	34317
791	130072	34160
792	130237	33996
793	130401	33832
794	130564	33667
795	130729	33503
796	130893	33339
797	131058	33175
798	131224	33011
799	131388	32847
800	131552	32682
801	131719	32519
802	131884	32355
803	132046	32190
804	132212	32026
805	132377	31862
806	132542	31698
807	132707	31534
808	132874	31370
809	133041	31207
810	133211	31044
811	133377	30880
812	133546	30717
813	133713	30553
814	133880	30390
815	134048	30226
816	134216	30063
817	134385	29900
818	134553	29736
819	134720	29572
820	134887	29409
821	135056	29245
822	135223	29082
823	135390	28918
824	135561	28755
825	135728	28591
826	135895	28427
827	136062	28264
828	136230	28100
829	136397	27936
830	136565	27773
831	136734	27609
832	136903	27446
833	137072	27282
834	137240	27119
835	137410	26956
836	137578	26792
837	137745	26628
838	137913	26464
839	138082	26301
840	138249	26137
841	138417	25973
842	138586	25810
843	138753	25646
844	138920	25482
845	139089	25318
846	139259	25155
847	139426	24991
848	139595	24827
849	139762	24663
850	139930	24500
851	140100	24336
852	140268	24172
853	140438	24009
854	140606	23845
855	140773	23681
856	140940	23517
857	141108	23353
858	141275	23189
859	141443	23025
860	141611	22861
861	141779	22697
862	141947	22534
863	142117	22370
864	142284	22206
865	142453	22042
866	142623	21878
867	142794	21715
868	142964	21551
869	143133	21387
870	143301	21223
871	143470	21059
872	143639	20896
873	143809	20732
874	143979	20568
875	144148	20404
876	144316	20240
877	144484	20076
878	144653	19912
879	144821	19748
880	144992	19584
881	145160	19420
882	145329	19256
883	145501	19092
884	145670	18928
885	145838	18764
886	146006	18600
887	146175	18436
888	146344	18272
889	146513	18108
890	146681	17944
891	146849	17780
892	147018	17615
893	147189	17451
894	147358	17287
895	147528	17123
896	147697	16959
897	147866	16795
898	148034	16631
899	148203	16467
900	148371	16302
901	148538	16138
902	148708	15974
903	148875	15809
904	149043	15645
905	149212	15481
906	149381	15316
907	149549	15152
908	149720	14988
909	149888	14824
910	150058	14659
911	150227	14495
912	150397	14331
913	150566	14167
914	150735	14002
915	150904	13838
916	151073	13674
917	151241	13509
918	151411	13345
919	151579	13180
920	151747	13016
921	151916	12851
922	152086	12687
923	152254	12523
924	152424	12358
925	152592	12194
926	152761	12029
927	152931	11865
928	153099	11700
929	153268	11536
930	153436	11371
931	153606	11207
932	153775	11042
933	153944	10878
934	154115	10713
935	154284	10549
936	154453	10384
937	154621	10220
938	154792	10055
939	154961	9891
940	155129	9726
941	155299	9561
942	155469	9397
943	155637	9232
944	155806	9068
945	155975	8903
946	156145	8738
947	156313	8574
948	156481	8409
949	156648	8244
950	156817	8079
951	156986	7915
952	157156	7750
953	157326	7585
954	157494	7421
955	157663	7256
956	157831	7091
957	158003	6927
958	158171	6762
959	158343	6597
960	158512	6432
961	158687	6268
962	158856	6103
963	159025	5938
964	159193	5773
965	159362	5609
966	159531	5444
967	159701	5279
968	159890	5115
969	160071	4950
970	160256	4786
971	160443	4621
972	160632	4457
973	160839	4293
974	161008	4128
975	161176	3963
976	161346	3798
977	161516	3633
978	161686	3468
979	161894	3303
980	162082	3139
981	162250	2974
982	162419	2808
983	162588	2643
984	162756	2478
985	162923	2313
986	163090	2148
987	163257	1982
988	163425	1817
989	163592	1652
990	163759	1487
991	163928	1322
992	164097	1156
993	164264	991
994	164431	826
995	164598	661
996	164766	495
997	164934	330
998	165100	165
999	165267	0
